player,vocation,level,login_time_utc,logout_time_utc,duration_minutes
Jinn Sinner,Royal Paladin,400,2026-06-13 01:30:00,2026-06-13 01:55:19,25.3
Jinn Sinner,Royal Paladin,400,2026-06-13 09:31:14,2026-06-13 09:32:18,1.1
Bencke Millgrau,Elite Knight,346,2026-06-13 09:33:12,2026-06-13 09:36:12,3.0
Chamanada,Elite Knight,634,2026-06-13 11:54:13,2026-06-13 12:00:22,6.2
Wizard Dmarola,Master Sorcerer,630,2026-06-13 18:37:11,2026-06-13 18:42:15,5.1
Jinn Sinner,Royal Paladin,400,2026-06-14 03:18:21,2026-06-14 03:20:17,1.9
Wizard Dmarola,Master Sorcerer,630,2026-06-14 10:31:11,2026-06-14 10:32:20,1.1
Wizard Dmarola,Master Sorcerer,630,2026-06-14 11:15:16,2026-06-14 11:38:12,22.9
Tebelor,Elder Druid,578,2026-06-14 12:52:13,2026-06-14 12:58:12,6.0
Wizard Dmarola,Master Sorcerer,630,2026-06-14 13:06:14,2026-06-14 13:10:17,4.0
Chamanada,Elite Knight,634,2026-06-14 12:47:12,2026-06-14 13:59:17,72.1
Tebelor,Elder Druid,578,2026-06-14 13:02:20,2026-06-14 14:14:11,71.8
Chamanada,Elite Knight,635,2026-06-14 19:20:24,2026-06-14 21:20:27,120.0
Guerreiro Penta,Royal Paladin,496,2026-06-14 23:37:11,2026-06-14 23:38:13,1.0
Jinn Sinner,Royal Paladin,400,2026-06-15 01:58:13,2026-06-15 02:22:16,24.1
Bencke Millgrau,Elite Knight,346,2026-06-15 02:23:28,2026-06-15 02:24:18,0.8
Guerreiro Penta,Royal Paladin,496,2026-06-15 10:06:25,2026-06-15 10:14:22,8.0
Wizard Dmarola,Master Sorcerer,630,2026-06-15 11:56:18,2026-06-15 12:11:14,14.9
Wizard Dmarola,Master Sorcerer,631,2026-06-15 12:32:24,2026-06-15 12:53:13,20.8
Guerreiro Penta,Royal Paladin,496,2026-06-15 21:18:20,2026-06-15 21:20:25,2.1
Tebelor,Elder Druid,579,2026-06-15 21:42:14,2026-06-15 21:43:20,1.1
Wanderlivison,Elder Druid,130,2026-06-15 22:12:14,2026-06-15 22:13:17,1.1
Chamanada,Elite Knight,635,2026-06-15 23:17:13,2026-06-15 23:27:15,10.0
Jinn Sinner,Royal Paladin,400,2026-06-16 02:12:13,2026-06-16 02:13:14,1.0
Bencke Millgrau,Elite Knight,346,2026-06-16 02:16:14,2026-06-16 02:22:17,6.0
Guerreiro Penta,Royal Paladin,496,2026-06-16 21:32:19,2026-06-16 21:36:14,3.9
Chamanada,Elite Knight,636,2026-06-16 22:20:24,2026-06-16 22:23:16,2.9
Chamanada,Elite Knight,636,2026-06-16 22:25:14,2026-06-16 22:44:20,19.1
Tebelor,Elder Druid,579,2026-06-16 22:45:16,2026-06-16 22:50:25,5.2
Niestaull Discolado,Royal Paladin,337,2026-06-16 22:50:25,2026-06-16 23:07:15,16.8
Niestouro,Exalted Monk,200,2026-06-16 23:07:15,2026-06-16 23:10:24,3.1
Jinn Sinner,Royal Paladin,400,2026-06-17 01:54:18,2026-06-17 02:44:12,49.9
Bencke Millgrau,Elite Knight,347,2026-06-17 02:44:12,2026-06-17 02:46:19,2.1
Ursinho Blaw Blau,Master Sorcerer,156,2026-06-17 03:03:12,2026-06-17 03:05:15,2.0
Guerreiro Penta,Royal Paladin,496,2026-06-17 10:17:15,2026-06-17 10:20:25,3.2
Wizard Dmarola,Master Sorcerer,631,2026-06-17 15:26:17,2026-06-17 15:27:20,1.1
Nyxor Monk,Exalted Monk,100,2026-06-18 00:09:13,2026-06-18 00:14:19,5.1
Tebelor,Elder Druid,579,2026-06-18 01:05:21,2026-06-18 01:08:14,2.9
Chamanada,Elite Knight,636,2026-06-18 01:09:13,2026-06-18 01:12:13,3.0
Jinn Sinner,Royal Paladin,400,2026-06-18 00:47:17,2026-06-18 01:53:15,66.0
Bencke Millgrau,Elite Knight,347,2026-06-18 02:40:19,2026-06-18 03:04:15,23.9
Guerreiro Penta,Royal Paladin,496,2026-06-18 08:35:25,2026-06-18 08:36:13,0.8
Guerreiro Penta,Royal Paladin,496,2026-06-18 20:39:16,2026-06-18 21:24:14,45.0
Jinn Sinner,Royal Paladin,400,2026-06-18 22:18:13,2026-06-18 22:55:17,37.1
Wizard Dmarola,Master Sorcerer,631,2026-06-18 23:07:12,2026-06-18 23:08:15,1.1
Wanderlivison,Elder Druid,130,2026-06-18 23:46:12,2026-06-18 23:47:15,1.1
Guerreiro Penta,Royal Paladin,496,2026-06-19 02:57:12,2026-06-19 02:59:11,2.0
Jinn Sinner,Royal Paladin,400,2026-06-19 03:16:14,2026-06-19 03:17:16,1.0
Sniper Gusa,Royal Paladin,336,2026-06-19 08:11:14,2026-06-19 08:12:16,1.0
Sniper Gusa,Royal Paladin,336,2026-06-19 09:41:16,2026-06-19 09:55:18,14.0
Guerreiro Penta,Royal Paladin,496,2026-06-19 10:44:15,2026-06-19 10:46:17,2.0
Sweetz Historinha,Elder Druid,352,2026-06-19 15:32:13,2026-06-19 15:33:14,1.0
Chamanada,Elite Knight,636,2026-06-19 18:07:16,2026-06-19 18:23:15,16.0
Chamanada,Elite Knight,636,2026-06-19 18:55:14,2026-06-19 22:49:13,234.0
Tebelor,Elder Druid,579,2026-06-19 18:05:15,2026-06-19 22:50:21,285.1
Tebelor,Elder Druid,579,2026-06-19 22:53:13,2026-06-19 22:54:16,1.1
Chamanada,Elite Knight,636,2026-06-19 22:55:16,2026-06-19 22:57:11,1.9
Guerreiro Penta,Royal Paladin,496,2026-06-19 23:01:15,2026-06-19 23:02:14,1.0
Chamanada,Elite Knight,635,2026-06-20 00:02:12,2026-06-20 00:08:14,6.0
Tebelor,Elder Druid,579,2026-06-20 00:08:14,2026-06-20 00:10:20,2.1
Niestouro,Exalted Monk,200,2026-06-20 00:10:20,2026-06-20 00:12:16,1.9
Jinn Sinner,Royal Paladin,400,2026-06-20 05:39:12,2026-06-20 05:40:19,1.1
Guerreiro Penta,Royal Paladin,497,2026-06-20 08:51:13,2026-06-20 08:54:16,3.0
Wizard Dmarola,Master Sorcerer,631,2026-06-20 11:20:19,2026-06-20 11:23:15,2.9
Chamanada,Elite Knight,635,2026-06-20 10:59:13,2026-06-20 12:52:12,113.0
Jinn Sinner,Royal Paladin,400,2026-06-20 23:56:11,2026-06-21 00:18:13,22.0
Chamanada,Elite Knight,635,2026-06-21 00:57:11,2026-06-21 01:50:18,53.1
Jinn Sinner,Royal Paladin,400,2026-06-21 01:38:13,2026-06-21 02:19:13,41.0
Guerreiro Penta,Royal Paladin,497,2026-06-21 03:49:12,2026-06-21 03:50:17,1.1
Guerreiro Penta,Royal Paladin,497,2026-06-21 08:27:14,2026-06-21 08:29:15,2.0
Tebelor,Elder Druid,579,2026-06-21 12:15:16,2026-06-21 14:07:11,111.9
Chamanada,Elite Knight,635,2026-06-21 12:41:13,2026-06-21 14:08:13,87.0
Wizard Dmarola,Master Sorcerer,631,2026-06-21 17:57:12,2026-06-21 18:06:12,9.0
Chamanada,Elite Knight,636,2026-06-21 20:51:12,2026-06-21 20:54:13,3.0
Chamanada,Elite Knight,636,2026-06-21 20:56:13,2026-06-21 21:40:24,44.2
Ursinho Blaw Blau,Master Sorcerer,156,2026-06-22 02:40:19,2026-06-22 02:41:14,0.9
Guerreiro Penta,Royal Paladin,497,2026-06-22 11:12:15,2026-06-22 11:16:14,4.0
Wizard Dmarola,Master Sorcerer,631,2026-06-22 11:35:17,2026-06-22 11:39:14,4.0
Jinn Sinner,Royal Paladin,400,2026-06-22 14:12:21,2026-06-22 14:16:17,3.9
Bencke Millgrau,Elite Knight,347,2026-06-22 14:17:13,2026-06-22 14:20:56,3.7
Nada Ver Tio,Master Sorcerer,55,2026-06-22 14:20:56,2026-06-22 14:38:20,17.4
Chamanada,Elite Knight,636,2026-06-22 21:37:11,2026-06-22 22:00:27,23.3
Jinn Sinner,Royal Paladin,401,2026-06-22 22:43:14,2026-06-22 22:52:12,9.0
Tebelor,Elder Druid,578,2026-06-22 23:21:12,2026-06-22 23:22:18,1.1
Bencke Millgrau,Elite Knight,348,2026-06-23 01:38:13,2026-06-23 01:39:11,1.0
Guerreiro Penta,Royal Paladin,497,2026-06-23 02:19:47,2026-06-23 02:22:18,2.5
Guerreiro Penta,Royal Paladin,497,2026-06-23 03:39:13,2026-06-23 03:43:13,4.0
Guerreiro Penta,Royal Paladin,497,2026-06-23 09:13:13,2026-06-23 09:16:17,3.1
Wizard Dmarola,Master Sorcerer,631,2026-06-23 14:28:14,2026-06-23 14:29:15,1.0
Guerreiro Penta,Royal Paladin,497,2026-06-23 22:16:12,2026-06-23 22:32:15,16.1
Tebelor,Elder Druid,579,2026-06-23 22:59:15,2026-06-23 23:02:12,3.0
Chamanada,Elite Knight,636,2026-06-23 23:04:13,2026-06-23 23:37:13,33.0
Tebelor,Elder Druid,579,2026-06-23 23:38:16,2026-06-23 23:46:34,8.3
Chamanada,Elite Knight,636,2026-06-23 23:47:11,2026-06-23 23:53:12,6.0
Jinn Sinner,Royal Paladin,401,2026-06-24 00:10:17,2026-06-24 00:14:12,3.9
Bencke Millgrau,Elite Knight,348,2026-06-24 00:14:12,2026-06-24 00:15:22,1.2
Sniper Gusa,Royal Paladin,336,2026-06-24 04:10:20,2026-06-24 04:11:14,0.9
Guerreiro Penta,Royal Paladin,497,2026-06-24 15:40:20,2026-06-24 15:42:15,1.9
Sniper Gusa,Royal Paladin,336,2026-06-24 15:55:20,2026-06-24 15:56:17,0.9
Guerreiro Penta,Royal Paladin,497,2026-06-24 19:08:12,2026-06-24 22:02:15,174.1
Chamanada,Elite Knight,636,2026-06-25 00:09:17,2026-06-25 00:11:13,1.9
Tebelor,Elder Druid,579,2026-06-25 00:11:13,2026-06-25 00:13:11,2.0
Bencke Millgrau,Elite Knight,348,2026-06-25 02:13:19,2026-06-25 02:14:13,0.9
Guerreiro Penta,Royal Paladin,498,2026-06-25 02:29:11,2026-06-25 02:44:12,15.0
Guerreiro Penta,Royal Paladin,498,2026-06-25 09:29:12,2026-06-25 09:35:24,6.2
Sniper Gusa,Royal Paladin,336,2026-06-25 15:59:17,2026-06-25 16:00:28,1.2
Jinn Sinner,Royal Paladin,401,2026-06-25 23:18:11,2026-06-25 23:22:17,4.1
Chamanada,Elite Knight,636,2026-06-26 00:06:18,2026-06-26 00:07:15,0.9
Bencke Millgrau,Elite Knight,348,2026-06-26 00:22:12,2026-06-26 00:24:13,2.0
Jinn Sinner,Royal Paladin,401,2026-06-26 00:51:14,2026-06-26 01:09:17,18.1
Jinn Sinner,Royal Paladin,401,2026-06-26 02:12:12,2026-06-26 02:15:19,3.1
Bencke Millgrau,Elite Knight,348,2026-06-26 02:15:19,2026-06-26 02:18:14,2.9
Guerreiro Penta,Royal Paladin,498,2026-06-26 14:12:16,2026-06-26 14:13:15,1.0
Tebelor,Elder Druid,579,2026-06-26 21:59:11,2026-06-26 23:07:17,68.1
Chamanada,Elite Knight,636,2026-06-26 22:01:16,2026-06-26 23:23:14,82.0
Tebelor,Elder Druid,579,2026-06-26 23:22:13,2026-06-26 23:23:14,1.0
Jinn Sinner,Royal Paladin,401,2026-06-27 01:19:11,2026-06-27 01:29:12,10.0
Jinn Sinner,Royal Paladin,401,2026-06-27 01:32:12,2026-06-27 01:34:12,2.0
Bencke Millgrau,Elite Knight,348,2026-06-27 01:34:12,2026-06-27 01:35:13,1.0
Jinn Sinner,Royal Paladin,401,2026-06-27 01:35:13,2026-06-27 02:01:15,26.0
Guerreiro Penta,Royal Paladin,498,2026-06-27 09:40:15,2026-06-27 09:45:15,5.0
Guerreiro Penta,Royal Paladin,498,2026-06-27 10:39:13,2026-06-27 10:40:20,1.1
Wizard Dmarola,Master Sorcerer,631,2026-06-27 16:44:13,2026-06-27 16:49:13,5.0
Tebelor,Elder Druid,579,2026-06-27 18:38:12,2026-06-27 20:13:12,95.0
Chamanada,Elite Knight,637,2026-06-27 18:42:12,2026-06-27 20:19:12,97.0
Jinn Sinner,Royal Paladin,401,2026-06-27 21:47:13,2026-06-27 21:48:14,1.0
Bencke Millgrau,Elite Knight,348,2026-06-27 21:48:14,2026-06-27 22:13:13,25.0
Bencke Millgrau,Elite Knight,348,2026-06-27 22:18:13,2026-06-27 22:20:18,2.1
Wizard Dmarola,Master Sorcerer,631,2026-06-27 22:49:12,2026-06-27 22:52:12,3.0
Wizard Dmarola,Master Sorcerer,631,2026-06-27 23:18:12,2026-06-28 00:28:12,70.0
Sniper Gusa,Royal Paladin,336,2026-06-28 00:36:14,2026-06-28 00:37:11,0.9
Wizard Dmarola,Master Sorcerer,631,2026-06-28 00:29:11,2026-06-28 01:42:14,73.0
Bencke Millgrau,Elite Knight,348,2026-06-28 03:21:15,2026-06-28 03:22:14,1.0
Guerreiro Penta,Royal Paladin,498,2026-06-28 04:04:11,2026-06-28 04:05:13,1.0
Bencke Millgrau,Elite Knight,348,2026-06-28 04:16:16,2026-06-28 04:19:15,3.0
Jinn Sinner,Royal Paladin,401,2026-06-28 11:39:14,2026-06-28 11:40:17,1.1
Wizard Dmarola,Master Sorcerer,631,2026-06-28 11:44:12,2026-06-28 11:45:17,1.1
Niestaull Discolado,Royal Paladin,337,2026-06-28 11:55:15,2026-06-28 11:56:15,1.0
Tebelor,Elder Druid,580,2026-06-28 11:56:15,2026-06-28 12:05:14,9.0
Chamanada,Elite Knight,637,2026-06-28 12:06:15,2026-06-28 12:39:11,32.9
Chamanada,Elite Knight,637,2026-06-28 12:41:11,2026-06-28 12:42:15,1.1
Tebelor,Elder Druid,580,2026-06-28 12:43:14,2026-06-28 13:55:15,72.0
Chamanada,Elite Knight,637,2026-06-28 12:43:14,2026-06-28 14:56:14,133.0
Guerreiro Penta,Royal Paladin,498,2026-06-28 19:00:23,2026-06-28 19:01:13,0.8
Kiing Zebaah,Master Sorcerer,302,2026-06-28 18:50:19,2026-06-28 19:06:13,15.9
Chamanada,Elite Knight,638,2026-06-28 18:22:12,2026-06-28 19:10:19,48.1
Tebelor,Elder Druid,580,2026-06-28 18:00:25,2026-06-28 19:14:13,73.8
Niestaull Discolado,Royal Paladin,337,2026-06-28 19:14:13,2026-06-28 19:16:19,2.1
Niestouro,Exalted Monk,200,2026-06-28 19:16:19,2026-06-28 19:17:15,0.9
Wizard Dmarola,Master Sorcerer,631,2026-06-28 21:33:14,2026-06-28 23:15:18,102.1
Druid Palmitox,Elder Druid,104,2026-06-29 01:20:19,2026-06-29 01:24:15,3.9
Druid Palmitox,Elder Druid,104,2026-06-29 01:25:17,2026-06-29 01:28:16,3.0
Druid Palmitox,Elder Druid,104,2026-06-29 01:31:16,2026-06-29 01:32:14,1.0
Druid Palmitox,Elder Druid,104,2026-06-29 01:33:14,2026-06-29 01:37:11,4.0
Druid Palmitox,Elder Druid,104,2026-06-29 01:41:15,2026-06-29 01:44:13,3.0
Druid Palmitox,Elder Druid,104,2026-06-29 01:50:20,2026-06-29 01:51:12,0.9
Jinn Sinner,Royal Paladin,401,2026-06-29 01:12:14,2026-06-29 02:23:12,71.0
Guerreiro Penta,Royal Paladin,498,2026-06-29 09:07:16,2026-06-29 09:12:12,4.9
Wizard Dmarola,Master Sorcerer,631,2026-06-29 11:04:16,2026-06-29 11:08:13,4.0
Sniper Gusa,Royal Paladin,336,2026-06-29 11:09:13,2026-06-29 11:10:22,1.1
Druid Palmitox,Elder Druid,104,2026-06-29 11:45:15,2026-06-29 12:00:27,15.2
Guerreiro Penta,Royal Paladin,498,2026-06-29 15:33:15,2026-06-29 15:35:16,2.0
Chamanada,Elite Knight,638,2026-06-29 16:32:12,2026-06-29 16:36:13,4.0
Tebelor,Elder Druid,580,2026-06-29 16:36:13,2026-06-29 16:38:12,2.0
Druid Palmitox,Elder Druid,104,2026-06-29 16:24:16,2026-06-29 16:40:22,16.1
Tebelor,Elder Druid,580,2026-06-29 19:12:13,2026-06-29 20:20:20,68.1
Chamanada,Elite Knight,638,2026-06-29 19:14:13,2026-06-29 21:38:13,144.0
Jinn Sinner,Royal Paladin,401,2026-06-30 00:39:13,2026-06-30 00:44:11,5.0
Bencke Millgrau,Elite Knight,348,2026-06-30 00:44:11,2026-06-30 00:48:14,4.0
Jinn Sinner,Royal Paladin,401,2026-06-30 00:48:14,2026-06-30 00:49:11,0.9
Jinn Sinner,Royal Paladin,401,2026-06-30 01:23:13,2026-06-30 01:29:11,6.0
Bencke Millgrau,Elite Knight,348,2026-06-30 01:29:11,2026-06-30 01:33:11,4.0
Jinn Sinner,Royal Paladin,401,2026-06-30 01:33:11,2026-06-30 01:34:12,1.0
Nothing Beats,Knight,8,2026-06-30 01:24:16,2026-06-30 01:57:14,33.0
Bencke Millgrau,Elite Knight,348,2026-06-30 01:34:12,2026-06-30 02:00:23,26.2
Bencke Millgrau,Elite Knight,348,2026-06-30 10:15:19,2026-06-30 10:16:13,0.9
Guerreiro Penta,Royal Paladin,498,2026-06-30 13:21:33,2026-06-30 13:34:14,12.7
Chamanada,Elite Knight,639,2026-06-30 21:35:14,2026-06-30 22:00:29,25.2
Tebelor,Elder Druid,581,2026-06-30 23:13:11,2026-06-30 23:14:16,1.1
Niestaull Discolado,Royal Paladin,337,2026-06-30 23:15:16,2026-06-30 23:16:12,0.9
Bencke Millgrau,Elite Knight,348,2026-07-01 02:59:11,2026-07-01 03:00:27,1.3
Guerreiro Penta,Royal Paladin,498,2026-07-01 10:14:17,2026-07-01 10:23:11,8.9
Chamanada,Elite Knight,639,2026-07-01 21:41:13,2026-07-01 23:14:16,93.0
Bencke Millgrau,Elite Knight,348,2026-07-02 02:29:15,2026-07-02 02:40:22,11.1
Guerreiro Penta,Royal Paladin,498,2026-07-02 10:12:15,2026-07-02 10:13:11,0.9
Guerreiro Penta,Royal Paladin,498,2026-07-02 10:14:14,2026-07-02 10:31:13,17.0
Druid Palmitox,Elder Druid,104,2026-07-02 16:08:24,2026-07-02 16:28:16,19.9
Guerreiro Penta,Royal Paladin,498,2026-07-02 18:38:13,2026-07-02 19:16:17,38.1
Guerreiro Penta,Royal Paladin,499,2026-07-02 19:23:12,2026-07-02 19:39:13,16.0
Kiing Zebaah,Master Sorcerer,302,2026-07-02 22:38:15,2026-07-02 22:39:13,1.0
Chamanada,Elite Knight,639,2026-07-02 23:51:12,2026-07-02 23:52:12,1.0
Tebelor,Elder Druid,581,2026-07-02 23:55:14,2026-07-02 23:56:14,1.0
Niestaull Discolado,Royal Paladin,337,2026-07-02 23:56:14,2026-07-02 23:57:15,1.0
Bencke Millgrau,Elite Knight,348,2026-07-03 01:49:13,2026-07-03 01:50:23,1.2
Bencke Millgrau,Elite Knight,348,2026-07-03 02:14:13,2026-07-03 02:16:18,2.1
Druid Palmitox,Elder Druid,104,2026-07-03 02:15:22,2026-07-03 02:17:14,1.9
Bencke Millgrau,Elite Knight,348,2026-07-03 14:16:15,2026-07-03 14:23:14,7.0
Ursinho Blaw Blau,Master Sorcerer,156,2026-07-03 14:40:22,2026-07-03 14:50:20,10.0
Sweetz Historinha,Elder Druid,352,2026-07-03 16:56:13,2026-07-03 17:18:13,22.0
Bencke Millgrau,Elite Knight,348,2026-07-03 18:06:12,2026-07-03 18:07:15,1.1
Druid Palmitox,Elder Druid,104,2026-07-03 18:29:12,2026-07-03 18:46:16,17.1
Guerreiro Penta,Royal Paladin,499,2026-07-03 21:44:14,2026-07-03 21:46:12,2.0
Chamanada,Elite Knight,639,2026-07-03 21:55:16,2026-07-03 23:11:13,76.0
Tebelor,Elder Druid,582,2026-07-03 21:58:15,2026-07-03 23:12:17,74.0
Niestaull Discolado,Royal Paladin,337,2026-07-03 23:13:14,2026-07-03 23:15:19,2.1
Wizard Dmarola,Master Sorcerer,632,2026-07-04 10:24:13,2026-07-04 10:25:15,1.0
Druid Palmitox,Elder Druid,106,2026-07-04 11:02:13,2026-07-04 11:19:14,17.0
Chamanada,Elite Knight,641,2026-07-04 11:55:15,2026-07-04 13:12:15,77.0
Tebelor,Elder Druid,582,2026-07-04 12:11:13,2026-07-04 13:13:12,62.0
Wizard Dmarola,Master Sorcerer,632,2026-07-04 15:35:14,2026-07-04 15:39:14,4.0
Nyxor Monk,Exalted Monk,100,2026-07-04 17:28:16,2026-07-04 17:29:14,1.0
Chamanada,Elite Knight,641,2026-07-04 17:31:11,2026-07-04 20:28:13,177.0
Tebelor,Elder Druid,583,2026-07-04 19:02:13,2026-07-04 20:28:13,86.0
Chamanada,Elite Knight,643,2026-07-04 20:32:15,2026-07-04 21:33:11,60.9
Sniper Gusa,Royal Paladin,336,2026-07-04 22:38:14,2026-07-04 22:39:12,1.0
Bencke Millgrau,Elite Knight,348,2026-07-05 04:03:13,2026-07-05 04:04:14,1.0
Guerreiro Penta,Royal Paladin,499,2026-07-05 10:29:11,2026-07-05 10:30:33,1.4
Wizard Dmarola,Master Sorcerer,632,2026-07-05 12:45:17,2026-07-05 12:46:15,1.0
Chamanada,Elite Knight,644,2026-07-05 11:59:11,2026-07-05 13:24:12,85.0
Tebelor,Elder Druid,584,2026-07-05 11:57:11,2026-07-05 13:43:11,106.0
Tebelor,Elder Druid,585,2026-07-05 13:48:16,2026-07-05 14:06:12,17.9
Wizard Dmarola,Master Sorcerer,632,2026-07-05 13:11:13,2026-07-05 14:33:14,82.0
Guerreiro Penta,Royal Paladin,499,2026-07-05 14:49:13,2026-07-05 14:50:27,1.2
Chamanada,Elite Knight,645,2026-07-05 19:06:14,2026-07-05 20:01:14,55.0
Tebelor,Elder Druid,585,2026-07-05 19:01:13,2026-07-05 20:01:14,60.0
Kiing Zebaah,Master Sorcerer,302,2026-07-06 01:06:12,2026-07-06 01:08:15,2.0
Sweetz Historinha,Elder Druid,352,2026-07-06 01:14:15,2026-07-06 01:23:14,9.0
Sweetz Historinha,Elder Druid,352,2026-07-06 01:31:13,2026-07-06 01:40:27,9.2
Guerreiro Penta,Royal Paladin,499,2026-07-06 08:40:29,2026-07-06 08:41:16,0.8
Guerreiro Penta,Royal Paladin,499,2026-07-06 09:10:30,2026-07-06 09:14:14,3.7
Bencke Millgrau,Elite Knight,348,2026-07-06 15:05:20,2026-07-06 15:08:16,2.9
Tebelor,Elder Druid,586,2026-07-06 21:52:16,2026-07-06 21:53:13,0.9
Tebelor,Elder Druid,586,2026-07-06 21:54:15,2026-07-06 21:55:16,1.0
Bencke Millgrau,Elite Knight,348,2026-07-06 22:16:21,2026-07-06 22:22:14,5.9
Chamanada,Elite Knight,645,2026-07-06 21:56:15,2026-07-06 22:23:13,27.0
Tebelor,Elder Druid,586,2026-07-06 22:23:13,2026-07-06 22:26:16,3.0
Niestaull Discolado,Royal Paladin,337,2026-07-06 22:26:16,2026-07-06 22:29:13,3.0
Tebelor,Elder Druid,586,2026-07-06 22:29:13,2026-07-06 22:33:13,4.0
Guerreiro Penta,Royal Paladin,499,2026-07-07 12:10:36,2026-07-07 12:14:17,3.7
Druid Palmitox,Elder Druid,106,2026-07-07 14:06:18,2026-07-07 14:22:23,16.1
Guerreiro Penta,Royal Paladin,499,2026-07-07 21:03:12,2026-07-07 21:18:12,15.0
Niestouro,Exalted Monk,200,2026-07-07 22:07:14,2026-07-07 22:09:12,2.0
Sniper Gusa,Royal Paladin,336,2026-07-08 04:22:14,2026-07-08 04:23:12,1.0
Guerreiro Penta,Royal Paladin,499,2026-07-08 08:25:17,2026-07-08 08:28:13,2.9
Guerreiro Penta,Royal Paladin,499,2026-07-08 16:18:15,2026-07-08 16:19:14,1.0
Wizard Dmarola,Master Sorcerer,632,2026-07-08 16:19:14,2026-07-08 16:24:13,5.0
Sniper Gusa,Royal Paladin,336,2026-07-09 05:34:15,2026-07-09 05:35:17,1.0
Guerreiro Penta,Royal Paladin,499,2026-07-09 09:42:16,2026-07-09 09:52:20,10.1
Wanderlivison,Elder Druid,130,2026-07-09 18:16:16,2026-07-09 18:17:24,1.1
Bencke Millgrau,Elite Knight,348,2026-07-10 02:59:15,2026-07-10 03:00:37,1.4
Kiing Zebaah,Master Sorcerer,302,2026-07-10 12:29:21,2026-07-10 12:36:16,6.9
Sniper Gusa,Royal Paladin,336,2026-07-10 12:38:19,2026-07-10 12:39:12,0.9
Tygrom,Master Sorcerer,162,2026-07-10 12:36:16,2026-07-10 12:40:46,4.5
Guerreiro Penta,Royal Paladin,499,2026-07-10 11:04:15,2026-07-10 13:37:14,153.0
Guerreiro Penta,Royal Paladin,500,2026-07-10 14:14:23,2026-07-10 15:00:40,46.3
Wizard Dmarola,Master Sorcerer,632,2026-07-10 23:29:13,2026-07-10 23:30:36,1.4
Guerreiro Penta,Royal Paladin,500,2026-07-11 11:36:15,2026-07-11 11:37:11,0.9
Guerreiro Penta,Royal Paladin,500,2026-07-11 14:41:13,2026-07-11 14:44:16,3.0
Wizard Dmarola,Master Sorcerer,632,2026-07-11 18:14:15,2026-07-11 18:18:18,4.0
Kiing Zebaah,Master Sorcerer,302,2026-07-11 22:35:16,2026-07-11 22:40:33,5.3
Tygrom,Master Sorcerer,162,2026-07-11 22:40:33,2026-07-11 22:42:16,1.7
Bencke Millgrau,Elite Knight,348,2026-07-12 02:04:15,2026-07-12 02:05:17,1.0
Sniper Gusa,Royal Paladin,336,2026-07-12 16:56:14,2026-07-12 16:59:12,3.0
Wizard Dmarola,Master Sorcerer,632,2026-07-13 11:09:13,2026-07-13 11:10:41,1.5
Wizard Dmarola,Master Sorcerer,632,2026-07-13 11:33:13,2026-07-13 11:58:14,25.0
Guerreiro Penta,Royal Paladin,500,2026-07-13 13:04:23,2026-07-13 13:07:19,2.9
Guerreiro Penta,Royal Paladin,500,2026-07-13 17:30:43,2026-07-13 17:31:14,0.5
Bencke Millgrau,Elite Knight,348,2026-07-13 21:36:18,2026-07-13 21:40:41,4.4
Niestouro,Exalted Monk,200,2026-07-13 23:44:14,2026-07-13 23:45:17,1.1
Guerreiro Penta,Royal Paladin,500,2026-07-13 23:45:17,2026-07-13 23:46:12,0.9
Ursinho Blaw Blau,Master Sorcerer,156,2026-07-14 01:18:14,2026-07-14 01:20:41,2.5
Guerreiro Penta,Royal Paladin,500,2026-07-15 00:54:13,2026-07-15 00:55:15,1.0
Guerreiro Penta,Royal Paladin,500,2026-07-15 10:19:12,2026-07-15 10:23:15,4.0
Guerreiro Penta,Royal Paladin,500,2026-07-15 19:40:39,2026-07-15 21:40:44,120.1
Niestouro,Exalted Monk,200,2026-07-15 21:53:16,2026-07-15 21:54:15,1.0
Bencke Millgrau,Elite Knight,349,2026-07-16 02:43:15,2026-07-16 02:44:17,1.0
Guerreiro Penta,Royal Paladin,500,2026-07-16 11:12:14,2026-07-16 11:16:15,4.0
Wizard Dmarola,Master Sorcerer,633,2026-07-16 16:10:27,2026-07-16 16:11:15,0.8
Guerreiro Penta,Royal Paladin,500,2026-07-16 16:21:16,2026-07-16 16:55:19,34.0
Bencke Millgrau,Elite Knight,349,2026-07-17 03:48:15,2026-07-17 03:49:13,1.0
Ursinho Blaw Blau,Master Sorcerer,156,2026-07-17 03:49:13,2026-07-17 03:50:23,1.2
Guerreiro Penta,Royal Paladin,500,2026-07-17 11:43:15,2026-07-17 11:58:14,15.0
Bencke Millgrau,Elite Knight,349,2026-07-17 17:35:18,2026-07-17 17:50:26,15.1
Wizard Dmarola,Master Sorcerer,633,2026-07-18 18:48:16,2026-07-18 18:51:14,3.0
Wizard Dmarola,Master Sorcerer,633,2026-07-18 20:07:15,2026-07-18 20:10:20,3.1
Sniper Gusa,Royal Paladin,336,2026-07-18 20:30:25,2026-07-18 20:35:20,4.9
Guerreiro Penta,Royal Paladin,500,2026-07-19 09:40:19,2026-07-19 09:44:16,4.0
Wizard Dmarola,Master Sorcerer,633,2026-07-19 12:23:13,2026-07-19 12:24:16,1.1
Niestouro,Exalted Monk,200,2026-07-19 23:34:14,2026-07-19 23:35:17,1.1
Wizard Dmarola,Master Sorcerer,633,2026-07-19 23:28:14,2026-07-19 23:38:17,10.1
Wizard Dmarola,Master Sorcerer,633,2026-07-19 23:47:16,2026-07-20 00:14:19,27.1
Guerreiro Penta,Royal Paladin,500,2026-07-20 02:16:14,2026-07-20 02:18:17,2.0
Wanderlivison,Elder Druid,130,2026-07-20 04:21:14,2026-07-20 04:22:16,1.0
Sniper Gusa,Royal Paladin,336,2026-07-20 04:22:16,2026-07-20 04:23:16,1.0
Guerreiro Penta,Royal Paladin,500,2026-07-20 09:33:18,2026-07-20 09:36:16,3.0
Wizard Dmarola,Master Sorcerer,633,2026-07-20 12:47:15,2026-07-20 13:33:16,46.0
Sweetz Historinha,Elder Druid,352,2026-07-20 15:15:27,2026-07-20 15:18:19,2.9
Nyxor Monk,Exalted Monk,100,2026-07-20 16:01:20,2026-07-20 16:04:15,2.9
Sweetz Historinha,Elder Druid,352,2026-07-20 16:04:15,2026-07-20 16:33:20,29.1
Guerreiro Penta,Royal Paladin,500,2026-07-20 17:27:19,2026-07-20 17:28:14,0.9
Wanderlivison,Elder Druid,130,2026-07-20 22:17:17,2026-07-20 22:18:15,1.0
Guerreiro Penta,Royal Paladin,500,2026-07-21 00:54:17,2026-07-21 00:55:19,1.0
Sweetz Historinha,Elder Druid,352,2026-07-21 02:12:14,2026-07-21 02:29:14,17.0
Nyxor Monk,Exalted Monk,100,2026-07-21 02:29:14,2026-07-21 02:32:16,3.0
Bencke Millgrau,Elite Knight,349,2026-07-21 02:54:19,2026-07-21 03:11:16,16.9
Bencke Millgrau,Elite Knight,349,2026-07-21 03:13:27,2026-07-21 03:18:19,4.9
Sweetz Historinha,Elder Druid,352,2026-07-21 02:40:22,2026-07-21 03:58:12,77.8
Guerreiro Penta,Royal Paladin,500,2026-07-21 09:22:23,2026-07-21 09:23:17,0.9
Guerreiro Penta,Royal Paladin,500,2026-07-21 21:48:16,2026-07-21 21:50:28,2.2
Sweetz Historinha,Elder Druid,352,2026-07-21 23:57:14,2026-07-22 00:03:35,6.3
Sweetz Historinha,Elder Druid,352,2026-07-22 00:06:16,2026-07-22 00:07:19,1.1
Sweetz Historinha,Elder Druid,352,2026-07-22 04:51:14,2026-07-22 05:07:14,16.0
Tygrom,Master Sorcerer,162,2026-07-22 16:24:15,2026-07-22 16:25:18,1.1
Guerreiro Penta,Royal Paladin,500,2026-07-22 16:10:20,2026-07-22 16:37:17,26.9
Guerreiro Penta,Royal Paladin,500,2026-07-22 16:38:17,2026-07-22 19:00:32,142.2
Bencke Millgrau,Elite Knight,349,2026-07-23 01:15:17,2026-07-23 01:16:14,0.9
Guerreiro Penta,Royal Paladin,500,2026-07-23 09:29:16,2026-07-23 09:32:15,3.0
Guerreiro Penta,Royal Paladin,500,2026-07-23 15:42:20,2026-07-23 15:58:16,15.9
Guerreiro Penta,Royal Paladin,500,2026-07-23 18:37:29,2026-07-23 18:39:14,1.8
Sweetz Historinha,Elder Druid,352,2026-07-24 02:06:13,2026-07-24 02:07:13,1.0
Guerreiro Penta,Royal Paladin,500,2026-07-24 09:13:17,2026-07-24 09:15:29,2.2
Guerreiro Penta,Royal Paladin,500,2026-07-24 12:04:17,2026-07-24 12:15:26,11.2
Nada Ver Tio,Master Sorcerer,55,2026-07-24 15:29:15,2026-07-24 15:30:30,1.2
Guerreiro Penta,Royal Paladin,500,2026-07-24 16:01:15,2026-07-24 16:13:06,11.8
Nada Ver Tio,Master Sorcerer,55,2026-07-24 18:31:15,2026-07-24 18:48:16,17.0
Sweetz Historinha,Elder Druid,352,2026-07-24 23:44:17,2026-07-24 23:48:18,4.0
Sweetz Historinha,Elder Druid,352,2026-07-24 23:54:17,2026-07-25 00:03:15,9.0
Wizard Dmarola,Master Sorcerer,633,2026-07-25 14:52:17,2026-07-25 14:55:17,3.0
Wizard Dmarola,Master Sorcerer,633,2026-07-27 11:02:15,2026-07-27 11:05:19,3.1
Guerreiro Penta,Royal Paladin,500,2026-07-27 21:52:25,2026-07-27 21:56:20,3.9
Guerreiro Penta,Royal Paladin,500,2026-07-27 21:59:13,2026-07-27 22:13:15,14.0
Bencke Millgrau,Elite Knight,349,2026-07-28 02:48:24,2026-07-28 02:53:26,5.0
Guerreiro Penta,Royal Paladin,500,2026-07-28 13:40:26,2026-07-28 13:50:28,10.0
Guerreiro Penta,Royal Paladin,500,2026-07-28 14:18:22,2026-07-28 14:25:21,7.0
Guerreiro Penta,Royal Paladin,500,2026-07-28 20:14:23,2026-07-28 20:44:15,29.9
Sweetz Historinha,Elder Druid,352,2026-07-28 21:05:20,2026-07-28 21:19:16,13.9
Sweetz Historinha,Elder Druid,352,2026-07-28 21:30:34,2026-07-28 21:32:17,1.7
Guerreiro Penta,Royal Paladin,500,2026-07-28 21:30:34,2026-07-28 21:33:14,2.7
Bencke Millgrau,Elite Knight,349,2026-07-29 03:29:14,2026-07-29 03:31:20,2.1
Wizard Dmarola,Master Sorcerer,633,2026-07-29 16:32:23,2026-07-29 16:33:18,0.9
Sniper Gusa,Royal Paladin,336,2026-07-29 20:04:19,2026-07-29 20:06:20,2.0
Niestouro,Exalted Monk,200,2026-07-29 22:48:23,2026-07-29 22:49:14,0.8
Bencke Millgrau,Elite Knight,349,2026-07-30 03:02:15,2026-07-30 03:03:16,1.0
Niestouro,Exalted Monk,200,2026-07-30 23:09:18,2026-07-30 23:12:15,3.0
Bencke Millgrau,Elite Knight,349,2026-07-31 03:17:15,2026-07-31 03:19:23,2.1
Sweetz Historinha,Elder Druid,352,2026-07-31 03:41:16,2026-07-31 03:44:15,3.0
Bencke Millgrau,Elite Knight,349,2026-08-01 03:03:15,2026-08-01 03:04:18,1.1
Wanderlivison,Elder Druid,130,2026-08-01 21:52:04,2026-08-01 21:53:14,1.2
Wizard Dmarola,Master Sorcerer,633,2026-08-02 14:41:15,2026-08-02 14:47:20,6.1
Sweetz Historinha,Elder Druid,352,2026-08-02 23:02:15,2026-08-02 23:20:23,18.1
Sniper Gusa,Royal Paladin,336,2026-08-03 04:08:21,2026-08-03 04:10:23,2.0
Wizard Dmarola,Master Sorcerer,633,2026-08-03 11:30:30,2026-08-03 11:34:18,3.8
Sweetz Historinha,Elder Druid,352,2026-08-03 14:51:20,2026-08-03 15:07:15,15.9
Sniper Gusa,Royal Paladin,336,2026-08-04 23:13:20,2026-08-04 23:14:18,1.0
Nyxor Monk,Exalted Monk,100,2026-08-05 03:06:16,2026-08-05 03:18:17,12.0
Sniper Gusa,Royal Paladin,336,2026-08-05 16:24:45,2026-08-05 16:25:23,0.6
Sweetz Historinha,Elder Druid,352,2026-08-07 02:33:17,2026-08-07 02:34:15,1.0
Sniper Gusa,Royal Paladin,336,2026-08-07 08:41:14,2026-08-07 08:43:16,2.0
Bencke Millgrau,Elite Knight,349,2026-08-07 14:37:20,2026-08-07 14:38:21,1.0
Triglicerides Baixo,Master Sorcerer,61,2026-08-08 15:52:22,2026-08-08 16:09:17,16.9
Sniper Gusa,Royal Paladin,336,2026-08-08 19:16:17,2026-08-08 19:17:14,0.9
Bencke Millgrau,Elite Knight,349,2026-08-09 03:33:15,2026-08-09 03:34:14,1.0
Wizard Dmarola,Master Sorcerer,633,2026-08-09 13:54:27,2026-08-09 14:00:33,6.1
Sweetz Historinha,Elder Druid,352,2026-08-09 16:55:18,2026-08-09 16:57:15,1.9
Sniper Gusa,Royal Paladin,336,2026-08-09 22:20:27,2026-08-09 22:21:16,0.8
Bencke Millgrau,Elite Knight,349,2026-08-09 23:35:22,2026-08-09 23:36:15,0.9
Sniper Gusa,Royal Paladin,336,2026-08-10 07:51:16,2026-08-10 07:52:18,1.0
Nothing Beats,Knight,8,2026-08-10 20:50:22,2026-08-10 20:52:17,1.9
Nothing Beats,Knight,8,2026-08-10 20:55:17,2026-08-10 20:56:16,1.0
Sniper Gusa,Royal Paladin,336,2026-08-10 22:16:19,2026-08-10 22:17:22,1.1
Niestouro,Exalted Monk,200,2026-08-10 22:35:18,2026-08-10 22:36:16,1.0
Wizard Dmarola,Master Sorcerer,633,2026-08-11 11:58:16,2026-08-11 12:01:16,3.0
Errepezin,Royal Paladin,626,2026-08-11 23:05:21,2026-08-11 23:20:22,15.0
